Category,Item,Variant / Protein Option,Serving,PRICE,Ingredients (Detailed Grams per Serving),Protein (g),Carbs (g),Fat (g),Fiber (g),Sugar (g),Sodium (mg),Description,Modifier Group 1 (Spice Level / Options),Modifier Group 2 (Sides Choice),Add-On Options
Chicken,Grilled Chicken,,150g,25,"Chicken Breast (120g), Olive Oil (5g), Salt (1g), Black Pepper (1g), Garlic Powder (1g), Paprika (1g), Lemon Juice (5g)",0,0,0,0,0,0,Tender grilled chicken breast seasoned and grilled to perfection,Spicy / Non-Spicy,"White Rice, Brown Rice, Red Rice, Yellow Rice, Beetroot Rice, French Fries, Mashed Potato, Grilled Potato, Sweet Potato, Cooked Vegetable, Cooked Quinoa",Next Page
Chicken,Chicken Mushroom,,150g,30,"Chicken Breast (100g), Mushroom Sauce (50g: Heavy Cream 20g, Mushrooms 15g, Chicken Stock 10g, Flour 3g, Salt 1g, Pepper 1g)",0,0,0,0,0,0,Tender chicken breast with creamy mushroom sauce,Spicy / Non-Spicy,"White Rice, Brown Rice, Red Rice, Yellow Rice, Beetroot Rice, French Fries, Mashed Potato, Grilled Potato, Sweet Potato, Cooked Vegetable, Cooked Quinoa",Next Page
Chicken,Chicken Tomato,,150g,25,"Chicken Breast (105g), Tomato Sauce (45g: Crushed Tomatoes 30g, Tomato Paste 5g, Olive Oil 3g, Garlic 2g, Onion 3g, Salt 1g, Oregano 1g)",0,0,0,0,0,0,Tender chicken breast in a rich tomato sauce,Spicy / Non-Spicy,"White Rice, Brown Rice, Red Rice, Yellow Rice, Beetroot Rice, French Fries, Mashed Potato, Grilled Potato, Sweet Potato, Cooked Vegetable, Cooked Quinoa",Next Page
Chicken,Teriyaki Chicken,,150g,25,"Chicken Breast (105g), Teriyaki Sauce (45g: Soy Sauce 15g, Mirin 10g, Sake 10g, Sugar 5g, Cornstarch 2g, Ginger 2g, Garlic 1g)",0,0,0,0,0,0,Tender chicken breast glazed with sweet and savory teriyaki sauce,Spicy / Non-Spicy,"White Rice, Brown Rice, Red Rice, Yellow Rice, Beetroot Rice, French Fries, Mashed Potato, Grilled Potato, Sweet Potato, Cooked Vegetable, Cooked Quinoa",Next Page
Chicken,Dynamite Chicken,,150g,30,"Chicken Breast (90g), Dynamite Sauce (60g: Mayonnaise 30g, Sriracha 10g, Sugar 5g, Rice Vinegar 5g, Garlic Powder 2g, Paprika 1g, Water 7g)",0,0,0,0,0,0,Crispy tender chicken tossed in creamy dynamite sauce,Spicy / Non-Spicy,"White Rice, Brown Rice, Red Rice, Yellow Rice, Beetroot Rice, French Fries, Mashed Potato, Grilled Potato, Sweet Potato, Cooked Vegetable, Cooked Quinoa",Next Page
Chicken,Buffalo Chicken,,150g,30,"Chicken Breast (105g), Buffalo Sauce (45g: Frank's RedHot Sauce 30g, Butter 10g, Vinegar 3g, Garlic Powder 1g, Salt 1g)",0,0,0,0,0,0,Tender chicken coated in tangy buffalo sauce,Spicy / Non-Spicy,"White Rice, Brown Rice, Red Rice, Yellow Rice, Beetroot Rice, French Fries, Mashed Potato, Grilled Potato, Sweet Potato, Cooked Vegetable, Cooked Quinoa",Next Page
Chicken,Barbecue Chicken,,150g,25,"Chicken Breast (105g), BBQ Sauce (45g: Ketchup 15g, Brown Sugar 10g, Vinegar 8g, Worcestershire 5g, Smoked Paprika 3g, Garlic 2g, Onion Powder 2g)",0,0,0,0,0,0,Tender chicken glazed with smoky barbecue sauce,Spicy / Non-Spicy,"White Rice, Brown Rice, Red Rice, Yellow Rice, Beetroot Rice, French Fries, Mashed Potato, Grilled Potato, Sweet Potato, Cooked Vegetable, Cooked Quinoa",Next Page
Chicken,Chicken Fajita,,150g,25,"Chicken Breast (90g), Bell Peppers (20g: Green & Red), Onions (15g), Olive Oil (5g), Fajita Seasoning (5g: Chili, Cumin, Paprika, Garlic), Salt (1g), Lime Juice (4g)",0,0,0,0,0,0,Tender chicken sautéed with colorful peppers and fajita seasoning,Spicy / Non-Spicy,"White Rice, Brown Rice, Red Rice, Yellow Rice, Beetroot Rice, French Fries, Mashed Potato, Grilled Potato, Sweet Potato, Cooked Vegetable, Cooked Quinoa",Next Page
Chicken,Chicken Kabab,,150g,30,"Ground Chicken (115g), Onion (15g), Parsley (5g), Cumin (2g), Coriander (2g), Garlic (2g), Salt (1g), Black Pepper (1g), Olive Oil (7g)",0,0,0,0,0,0,Juicy seasoned chicken kebab grilled to perfection,Spicy / Non-Spicy,"White Rice, Brown Rice, Red Rice, Yellow Rice, Beetroot Rice, French Fries, Mashed Potato, Grilled Potato, Sweet Potato, Cooked Vegetable, Cooked Quinoa",Next Page
Chicken,Chicken Kofta,,150g,30,"Ground Chicken (110g), Breadcrumbs (10g), Onion (15g), Parsley (5g), Cumin (2g), Coriander (2g), Garlic (2g), Salt (1g), Cinnamon (1g), Olive Oil (7g)",0,0,0,0,0,0,Seasoned chicken kofta grilled with aromatic herbs and spices,Spicy / Non-Spicy,"White Rice, Brown Rice, Red Rice, Yellow Rice, Beetroot Rice, French Fries, Mashed Potato, Grilled Potato, Sweet Potato, Cooked Vegetable, Cooked Quinoa",Next Page
Chicken,Chicken Pesto,,150g,25,"Chicken Breast (100g), Pesto Sauce (50g: Basil 20g, Olive Oil 15g, Parmesan 8g, Pine Nuts 5g, Garlic 2g, Salt 1g)",0,0,0,0,0,0,Tender chicken finished with creamy basil pesto sauce,Spicy / Non-Spicy,"White Rice, Brown Rice, Red Rice, Yellow Rice, Beetroot Rice, French Fries, Mashed Potato, Grilled Potato, Sweet Potato, Cooked Vegetable, Cooked Quinoa",Next Page
Chicken,Chicken Yellow Curry,,150g,25,"Chicken Breast (90g), Yellow Curry Sauce (60g: Coconut Milk 30g, Onion 10g, Yellow Curry Paste 8g, Chicken Stock 8g, Fish Sauce 2g, Sugar 2g)",0,0,0,0,0,0,Tender chicken simmered in aromatic yellow curry sauce,Spicy / Non-Spicy,"White Rice, Brown Rice, Red Rice, Yellow Rice, Beetroot Rice, French Fries, Mashed Potato, Grilled Potato, Sweet Potato, Cooked Vegetable, Cooked Quinoa",Next Page
Chicken,Cajun Chicken,,150g,30,"Chicken Breast (125g), Olive Oil (5g), Cajun Seasoning (8g: Paprika, Garlic, Onion, Cayenne, Oregano, Thyme, Salt), Butter (2g), Lemon Juice (5g)",0,0,0,0,0,0,Tender Cajun-seasoned chicken with a mildly spicy finish,Spicy / Non-Spicy,"White Rice, Brown Rice, Red Rice, Yellow Rice, Beetroot Rice, French Fries, Mashed Potato, Grilled Potato, Sweet Potato, Cooked Vegetable, Cooked Quinoa",Next Page
Chicken,Chicken Casserole,,150g,25,"Chicken Breast (90g), Chicken Stock (30g), Cream (15g), Carrots (10g), Celery (5g), Flour (3g), Butter (2g), Salt (1g), Thyme (1g), Mushrooms (15g)",0,0,0,0,0,0,Tender chicken baked in a rich and comforting casserole,Spicy / Non-Spicy,"White Rice, Brown Rice, Red Rice, Yellow Rice, Beetroot Rice, French Fries, Mashed Potato, Grilled Potato, Sweet Potato, Cooked Vegetable, Cooked Quinoa",Next Page
Chicken,Chicken Noodles,,150g,25,"Chicken Breast (75g), Noodles (50g: Wheat Flour, Water), Vegetables (15g: Carrots, Cabbage, Peppers), Soy Sauce (8g), Oyster Sauce (2g), Vegetable Oil (5g), Ginger (1g), Garlic (1g)",0,0,0,0,0,0,Tender chicken combined with stir-fried noodles and vegetables,Spicy / Non-Spicy,,Next Page
Chicken,Chicken Broccoli,,150g,25,"Chicken Breast (100g), Broccoli (40g), Olive Oil (5g), Garlic (3g), Salt (1g), Black Pepper (1g), Lemon Juice (5g)",0,0,0,0,0,0,Tender chicken paired with fresh broccoli and light seasoning,Spicy / Non-Spicy,"White Rice, Brown Rice, Red Rice, Yellow Rice, Beetroot Rice, French Fries, Mashed Potato, Grilled Potato, Sweet Potato, Cooked Vegetable, Cooked Quinoa",Next Page
Chicken,Tandoori Chicken,,150g,30,"Chicken Breast (115g), Yogurt (20g), Tandoori Masala (8g: Cumin, Coriander, Paprika, Cayenne, Ginger, Garlic), Lemon Juice (5g), Olive Oil (2g)",0,0,0,0,0,0,Tender chicken marinated in aromatic tandoori spices and grilled,Spicy / Non-Spicy,"White Rice, Brown Rice, Red Rice, Yellow Rice, Beetroot Rice, French Fries, Mashed Potato, Grilled Potato, Sweet Potato, Cooked Vegetable, Cooked Quinoa",Next Page
Beef,Grilled Beef Steak,,150g,40,"Beef Sirloin Steak (140g), Olive Oil (5g), Salt (1g), Black Pepper (2g), Garlic Powder (1g), Butter (6g), Thyme (1g)",0,0,0,0,0,0,Juicy beef steak grilled and seasoned to perfection,Spicy / Non-Spicy,"White Rice, Brown Rice, Red Rice, Yellow Rice, Beetroot Rice, French Fries, Mashed Potato, Grilled Potato, Sweet Potato, Cooked Vegetable, Cooked Quinoa",Next Page
Beef,Beef Mushroom,,150g,40,"Beef Strips (100g), Mushroom Sauce (50g: Heavy Cream 20g, Mushrooms 15g, Beef Stock 10g, Flour 3g, Salt 1g, Pepper 1g)",0,0,0,0,0,0,Tender beef with creamy mushroom sauce,Spicy / Non-Spicy,"White Rice, Brown Rice, Red Rice, Yellow Rice, Beetroot Rice, French Fries, Mashed Potato, Grilled Potato, Sweet Potato, Cooked Vegetable, Cooked Quinoa",Next Page
Beef,Pepper Steak,,150g,40,"Beef Strips (100g), Bell Peppers (20g), Onion (10g), Olive Oil (5g), Black Pepper (5g), Garlic (2g), Salt (1g), Beef Stock (5g), Cornstarch (2g)",0,0,0,0,0,0,Tender beef steak sautéed with peppers and savory seasoning,Spicy / Non-Spicy,"White Rice, Brown Rice, Red Rice, Yellow Rice, Beetroot Rice, French Fries, Mashed Potato, Grilled Potato, Sweet Potato, Cooked Vegetable, Cooked Quinoa",Next Page
Beef,Mustard Beef Steak,,150g,40,"Beef Sirloin (120g), Mustard Sauce (30g: Dijon Mustard 15g, Cream 10g, Beef Stock 3g, Salt 1g, Pepper 1g)",0,0,0,0,0,0,Juicy beef steak finished with tangy mustard sauce,Spicy / Non-Spicy,"White Rice, Brown Rice, Red Rice, Yellow Rice, Beetroot Rice, French Fries, Mashed Potato, Grilled Potato, Sweet Potato, Cooked Vegetable, Cooked Quinoa",Next Page
Beef,Barbecue Beef,,150g,40,"Beef Strips (100g), BBQ Sauce (50g: Ketchup 15g, Brown Sugar 10g, Vinegar 8g, Worcestershire 5g, Smoked Paprika 3g, Garlic 2g, Onion Powder 2g, Water 5g)",0,0,0,0,0,0,Tender beef glazed with smoky barbecue sauce,Spicy / Non-Spicy,"White Rice, Brown Rice, Red Rice, Yellow Rice, Beetroot Rice, French Fries, Mashed Potato, Grilled Potato, Sweet Potato, Cooked Vegetable, Cooked Quinoa",Next Page
Beef,Beef Casserole,,150g,40,"Beef Chunks (90g), Beef Stock (30g), Carrots (10g), Celery (5g), Potatoes (10g), Flour (3g), Butter (2g), Salt (1g), Thyme (1g), Mushrooms (15g)",0,0,0,0,0,0,Tender beef baked in a rich and comforting casserole,Spicy / Non-Spicy,"White Rice, Brown Rice, Red Rice, Yellow Rice, Beetroot Rice, French Fries, Mashed Potato, Grilled Potato, Sweet Potato, Cooked Vegetable, Cooked Quinoa",Next Page
Beef,Beef Noodles,,150g,40,"Beef Strips (75g), Noodles (50g: Wheat Flour, Water), Vegetables (15g: Carrots, Cabbage, Peppers), Soy Sauce (8g), Oyster Sauce (2g), Vegetable Oil (5g), Ginger (1g), Garlic (1g)",0,0,0,0,0,0,Tender beef tossed with stir-fried noodles and savory seasoning,Spicy / Non-Spicy,,Next Page
Beef,3 Mini Beef in Mushroom Sauce,,150g,40,"Beef Mini Patties (90g, 3x30g), Mushroom Sauce (60g: Heavy Cream 25g, Mushrooms 20g, Beef Stock 10g, Flour 3g, Salt 1g, Pepper 1g)",0,0,0,0,0,0,Three tender mini beef portions served with creamy mushroom sauce,Spicy / Non-Spicy,"White Rice, Brown Rice, Red Rice, Yellow Rice, Beetroot Rice, French Fries, Mashed Potato, Grilled Potato, Sweet Potato, Cooked Vegetable, Cooked Quinoa",Next Page
Beef,Scottish Fillet Beef Stew,,Standard,38,"Beef Fillet Chunks (120g), Potatoes (30g), Carrots (20g), Onion (15g), Beef Stock (45g), Tomato Paste (5g), Flour (4g), Thyme (2g), Salt (1g), Butter (5g)",0,0,0,0,0,0,Scottish-style beef fillet stew,,,
Beef,Mini Beef Milanese,,Standard,38,"Beef (90g, 3x30g), Breadcrumbs (25g), Egg (10g), Parmesan (5g), Olive Oil (15g), Salt (1g), Pepper (1g), Parsley (2g)",0,0,0,0,0,0,Mini beef Milanese,,,
Beef,Beef Kabab,,150g,40,"Ground Beef (115g), Onion (15g), Parsley (5g), Cumin (2g), Coriander (2g), Garlic (2g), Salt (1g), Black Pepper (1g), Olive Oil (7g)",0,0,0,0,0,0,Juicy seasoned beef kebab grilled to perfection,Spicy / Non-Spicy,"White Rice, Brown Rice, Red Rice, Yellow Rice, Beetroot Rice, French Fries, Mashed Potato, Grilled Potato, Sweet Potato, Cooked Vegetable, Cooked Quinoa",Next Page
Beef,Beef Balls in Tomato Sauce,,150g,40,"Ground Beef (90g), Breadcrumbs (10g), Egg (5g), Tomato Sauce (45g: Crushed Tomatoes 30g, Tomato Paste 5g, Olive Oil 3g, Garlic 2g, Onion 3g, Salt 1g, Oregano 1g)",0,0,0,0,0,0,Tender beef balls simmered in rich tomato sauce,Spicy / Non-Spicy,"White Rice, Brown Rice, Red Rice, Yellow Rice, Beetroot Rice, French Fries, Mashed Potato, Grilled Potato, Sweet Potato, Cooked Vegetable, Cooked Quinoa",Next Page
Seafood,Smoked Salmon,,150g,45,"Smoked Salmon Fillet (130g), Olive Oil (2g), Dill (2g), Capers (5g), Lemon Wedge (6g), Black Pepper (1g), Salt (1g)",0,0,0,0,0,0,Fresh salmon fillet grilled and seasoned to perfection,Spicy / Non-Spicy,"White Rice, Brown Rice, Red Rice, Yellow Rice, Beetroot Rice, French Fries, Mashed Potato, Grilled Potato, Sweet Potato, Cooked Vegetable, Cooked Quinoa",Next Page
Seafood,Salmon Mushroom with Spinach,,150g,45,"Salmon Fillet (100g), Mushroom Sauce (30g: Heavy Cream 12g, Mushrooms 10g, Fish Stock 5g, Flour 2g, Salt 1g), Spinach (20g)",0,0,0,0,0,0,Tender salmon with creamy mushroom sauce and spinach,Spicy / Non-Spicy,"White Rice, Brown Rice, Red Rice, Yellow Rice, Beetroot Rice, French Fries, Mashed Potato, Grilled Potato, Sweet Potato, Cooked Vegetable, Cooked Quinoa",Next Page
Seafood,Teriyaki Salmon,,150g,45,"Salmon Fillet (105g), Teriyaki Sauce (45g: Soy Sauce 15g, Mirin 10g, Sake 10g, Sugar 5g, Cornstarch 2g, Ginger 2g, Garlic 1g)",0,0,0,0,0,0,Grilled salmon glazed with sweet and savory teriyaki sauce,Spicy / Non-Spicy,"White Rice, Brown Rice, Red Rice, Yellow Rice, Beetroot Rice, French Fries, Mashed Potato, Grilled Potato, Sweet Potato, Cooked Vegetable, Cooked Quinoa",Next Page
Seafood,Lemon Garlic Salmon,,150g,45,"Salmon Fillet (130g), Olive Oil (5g), Lemon Juice (10g), Garlic (3g), Salt (1g), Black Pepper (1g), Parsley (2g)",0,0,0,0,0,0,Tender salmon finished with fresh lemon and garlic,Spicy / Non-Spicy,"White Rice, Brown Rice, Red Rice, Yellow Rice, Beetroot Rice, French Fries, Mashed Potato, Grilled Potato, Sweet Potato, Cooked Vegetable, Cooked Quinoa",Next Page
Seafood,Dill Salmon,,150g,45,"Salmon Fillet (130g), Olive Oil (5g), Fresh Dill (3g), Lemon Juice (5g), Salt (1g), Black Pepper (1g), Garlic (2g)",0,0,0,0,0,0,Tender salmon seasoned with aromatic dill,Spicy / Non-Spicy,"White Rice, Brown Rice, Red Rice, Yellow Rice, Beetroot Rice, French Fries, Mashed Potato, Grilled Potato, Sweet Potato, Cooked Vegetable, Cooked Quinoa",Next Page
Seafood,Grilled White Fish,,150g,30,"White Fish Fillet (Hammour/Sea Bream) (135g), Olive Oil (5g), Lemon Juice (5g), Salt (1g), Black Pepper (1g), Paprika (1g), Garlic Powder (1g)",0,0,0,0,0,0,Fresh white fish grilled with light herbs and seasoning,Spicy / Non-Spicy,"White Rice, Brown Rice, Red Rice, Yellow Rice, Beetroot Rice, French Fries, Mashed Potato, Grilled Potato, Sweet Potato, Cooked Vegetable, Cooked Quinoa",Next Page
Seafood,White Fish w/ Mushroom Sauce,,150g,30,"White Fish Fillet (100g), Mushroom Sauce (50g: Heavy Cream 20g, Mushrooms 15g, Fish Stock 10g, Flour 3g, Salt 1g, Pepper 1g)",0,0,0,0,0,0,Tender white fish served with creamy mushroom sauce,Spicy / Non-Spicy,"White Rice, Brown Rice, Red Rice, Yellow Rice, Beetroot Rice, French Fries, Mashed Potato, Grilled Potato, Sweet Potato, Cooked Vegetable, Cooked Quinoa",Next Page
Seafood,Tuna,,150g,25,"Tuna Steak (140g), Olive Oil (5g), Salt (1g), Black Pepper (1g), Lemon Juice (5g)",0,0,0,0,0,0,Tender tuna seasoned simply for a light and protein-rich meal,Spicy / Non-Spicy,"White Rice, Brown Rice, Red Rice, Yellow Rice, Beetroot Rice, French Fries, Mashed Potato, Grilled Potato, Sweet Potato, Cooked Vegetable, Cooked Quinoa",Next Page
Seafood,Grilled Shrimp,,150g,30,"Shrimp (110g, Peeled), Olive Oil (5g), Garlic (3g), Lemon Juice (10g), Salt (1g), Black Pepper (1g), Paprika (1g), Parsley (2g)",0,0,0,0,0,0,Juicy shrimp grilled with light herbs and seasoning,Spicy / Non-Spicy,"White Rice, Brown Rice, Red Rice, Yellow Rice, Beetroot Rice, French Fries, Mashed Potato, Grilled Potato, Sweet Potato, Cooked Vegetable, Cooked Quinoa",Next Page
Seafood,Shrimp with Mushroom Sauce,,150g,35,"Shrimp (90g), Mushroom Sauce (60g: Heavy Cream 25g, Mushrooms 20g, Fish Stock 10g, Flour 3g, Salt 1g, Pepper 1g)",0,0,0,0,0,0,Tender shrimp served with creamy mushroom sauce,Spicy / Non-Spicy,"White Rice, Brown Rice, Red Rice, Yellow Rice, Beetroot Rice, French Fries, Mashed Potato, Grilled Potato, Sweet Potato, Cooked Vegetable, Cooked Quinoa",Next Page
Seafood,Shrimp in Tomato Sauce,,150g,30,"Shrimp (90g), Tomato Sauce (60g: Crushed Tomatoes 40g, Tomato Paste 5g, Olive Oil 3g, Garlic 2g, Onion 3g, Salt 1g, Oregano 1g, Water 5g)",0,0,0,0,0,0,Tender shrimp simmered in a rich tomato sauce,Spicy / Non-Spicy,"White Rice, Brown Rice, Red Rice, Yellow Rice, Beetroot Rice, French Fries, Mashed Potato, Grilled Potato, Sweet Potato, Cooked Vegetable, Cooked Quinoa",Next Page
Seafood,Shrimp BBQ,,150g,30,"Shrimp (90g), BBQ Sauce (60g: Ketchup 15g, Brown Sugar 10g, Vinegar 8g, Worcestershire 5g, Smoked Paprika 3g, Garlic 2g, Onion Powder 2g, Water 15g)",0,0,0,0,0,0,"Juicy shrimp glazed in a smoky, tangy BBQ sauce.",Spicy / Non-Spicy,"White Rice, Brown Rice, Red Rice, Yellow Rice, Beetroot Rice, French Fries, Mashed Potato, Grilled Potato, Sweet Potato, Cooked Vegetable, Cooked Quinoa",Next Page
Seafood,Lemon Garlic Shrimp,,150g,35,"Shrimp (110g), Olive Oil (8g), Lemon Juice (15g), Garlic (5g), Salt (1g), Black Pepper (1g), Parsley (3g), Butter (7g)",0,0,0,0,0,0,Juicy shrimp sautéed with fresh lemon and garlic,Spicy / Non-Spicy,"White Rice, Brown Rice, Red Rice, Yellow Rice, Beetroot Rice, French Fries, Mashed Potato, Grilled Potato, Sweet Potato, Cooked Vegetable, Cooked Quinoa",Next Page
Seafood,Dill Shrimp,,150g,35,"Shrimp (110g), Olive Oil (5g), Fresh Dill (3g), Lemon Juice (10g), Butter (10g), Salt (1g), Black Pepper (1g), Garlic (2g)",0,0,0,0,0,0,Juicy shrimp seasoned with aromatic dill,Spicy / Non-Spicy,"White Rice, Brown Rice, Red Rice, Yellow Rice, Beetroot Rice, French Fries, Mashed Potato, Grilled Potato, Sweet Potato, Cooked Vegetable, Cooked Quinoa",Next Page
Seafood,Dynamite Shrimp,,150g,35,"Shrimp (90g), Dynamite Sauce (60g: Mayonnaise 30g, Sriracha 10g, Sugar 5g, Rice Vinegar 5g, Garlic Powder 2g, Paprika 1g, Water 7g)",0,0,0,0,0,0,Crispy shrimp tossed in creamy spicy dynamite sauce,Spicy / Non-Spicy,"White Rice, Brown Rice, Red Rice, Yellow Rice, Beetroot Rice, French Fries, Mashed Potato, Grilled Potato, Sweet Potato, Cooked Vegetable, Cooked Quinoa",Next Page
Biryani & Risotto,Biryani,Chicken,Standard,32,"Basmati Rice (180g), Chicken (120g), Onion (40g), Yogurt (30g), Tomato (20g), Biryani Spices (10g: Cinnamon, Cardamom, Cloves, Cumin, Coriander, Chili), Ginger-Garlic Paste (10g), Saffron (1g), Mint (5g), Coriander (5g), Ghee (15g)",0,0,0,0,0,0,Aromatic spiced rice dish prepared with your choice of protein,,,Next Page
Biryani & Risotto,Biryani,Shrimp,Standard,35,"Basmati Rice (180g), Shrimp (100g), Onion (40g), Yogurt (30g), Tomato (20g), Biryani Spices (10g), Ginger-Garlic Paste (10g), Saffron (1g), Mint (5g), Coriander (5g), Ghee (15g)",0,0,0,0,0,0,Aromatic spiced rice dish prepared with your choice of protein,,,Next Page
Biryani & Risotto,Biryani,Beef,Standard,38,"Basmati Rice (180g), Beef Chunks (100g), Onion (40g), Yogurt (30g), Tomato (20g), Biryani Spices (10g), Ginger-Garlic Paste (10g), Saffron (1g), Mint (5g), Coriander (5g), Ghee (15g)",0,0,0,0,0,0,Aromatic spiced rice dish prepared with your choice of protein,,,Next Page
Biryani & Risotto,Biryani,Salmon,Standard,30,"Basmati Rice (180g), Salmon Fillet (100g), Onion (40g), Yogurt (30g), Tomato (20g), Biryani Spices (10g), Ginger-Garlic Paste (10g), Saffron (1g), Mint (5g), Coriander (5g), Ghee (15g)",0,0,0,0,0,0,Aromatic spiced rice dish prepared with your choice of protein,,,Next Page
Biryani & Risotto,Biryani,White Fish,Standard,25,"Basmati Rice (200g), White Fish Fillet (120g), Onion (35g), Yogurt (25g), Tomato (15g), Biryani Spices (10g), Ginger-Garlic Paste (10g), Saffron (1g), Mint (5g), Coriander (5g), Ghee (15g)",0,0,0,0,0,0,Aromatic spiced rice dish prepared with your choice of protein,,,Next Page
Biryani & Risotto,Maghboos,Chicken,Standard,25,"Basmati Rice (180g), Chicken (100g), Onion (40g), Tomato (25g), Maghboos Spices (10g: Cinnamon, Cardamom, Cloves, Cumin, Coriander, Chili, Turmeric), Garlic (5g), Salt (5g), Dried Lime (5g), Ghee (10g), Water (100g for cooking rice)",0,0,0,0,0,0,Fragrant Gulf-style spiced rice with your choice of protein,,,Next Page
Biryani & Risotto,Maghboos,Beef,Standard,35,"Basmati Rice (180g), Beef Chunks (100g), Onion (40g), Tomato (25g), Maghboos Spices (10g), Garlic (5g), Salt (5g), Dried Lime (5g), Ghee (10g), Water (100g)",0,0,0,0,0,0,Fragrant Gulf-style spiced rice with your choice of protein,,,Next Page
Biryani & Risotto,Maghboos,Shrimp,Standard,20,"Basmati Rice (190g), Shrimp (90g), Onion (40g), Tomato (25g), Maghboos Spices (10g), Garlic (5g), Salt (5g), Dried Lime (5g), Ghee (10g), Water (100g)",0,0,0,0,0,0,Fragrant Gulf-style spiced rice with your choice of protein,,,Next Page
Biryani & Risotto,Maghboos,Salmon,Standard,30,"Basmati Rice (190g), Salmon Fillet (90g), Onion (40g), Tomato (25g), Maghboos Spices (10g), Garlic (5g), Salt (5g), Dried Lime (5g), Ghee (10g), Water (100g)",0,0,0,0,0,0,Fragrant Gulf-style spiced rice with your choice of protein,,,Next Page
Biryani & Risotto,Beetroot Risotto,Chicken,Standard,25,"Arborio Rice (160g), Beetroot Puree (50g), Chicken (100g), Onion (20g), Parmesan (15g), Butter (15g), Chicken Stock (100g), White Wine (20g), Salt (3g), Pepper (2g)",0,0,0,0,0,0,Creamy beetroot risotto with a rich and earthy flavor,,,Next Page
Biryani & Risotto,Beetroot Risotto,Shrimp,Standard,25,"Arborio Rice (160g), Beetroot Puree (50g), Shrimp (90g), Onion (20g), Parmesan (15g), Butter (15g), Fish Stock (100g), White Wine (20g), Salt (3g), Pepper (2g)",0,0,0,0,0,0,Creamy beetroot risotto with a rich and earthy flavor,,,Next Page
Biryani & Risotto,Mix Sauce Risotto,Chicken,Standard,35,"Arborio Rice (150g), Chicken (100g), Onion (20g), Parmesan (15g), Butter (15g), Mixed Sauce (60g: Tomato & Cream), Chicken Stock (100g), White Wine (20g), Salt (3g), Pepper (2g)",0,0,0,0,0,0,Creamy risotto finished with a rich mixed sauce,,,Next Page
Biryani & Risotto,Mix Sauce Risotto,Shrimp,Standard,30,"Arborio Rice (150g), Shrimp (90g), Onion (20g), Parmesan (15g), Butter (15g), Mixed Sauce (60g), Fish Stock (100g), White Wine (20g), Salt (3g), Pepper (2g)",0,0,0,0,0,0,Creamy risotto finished with a rich mixed sauce,,,Next Page
Biryani & Risotto,White Sauce Risotto,Chicken,Standard,35,"Arborio Rice (150g), Chicken (100g), Onion (20g), Parmesan (15g), Butter (15g), White Sauce (60g: Cream & Parmesan), Chicken Stock (100g), White Wine (20g), Salt (3g), Pepper (2g)",0,0,0,0,0,0,Creamy risotto finished with smooth white sauce,,,Next Page
Biryani & Risotto,White Sauce Risotto,Shrimp,Standard,30,"Arborio Rice (150g), Shrimp (90g), Onion (20g), Parmesan (15g), Butter (15g), White Sauce (60g), Fish Stock (100g), White Wine (20g), Salt (3g), Pepper (2g)",0,0,0,0,0,0,Creamy risotto finished with smooth white sauce,,,Next Page
Biryani & Risotto,Chicken Risotto,Chicken,Standard,35,"Arborio Rice (160g), Chicken (110g), Onion (20g), Parmesan (15g), Butter (15g), Chicken Stock (110g), White Wine (20g), Salt (3g), Pepper (2g)",0,0,0,0,0,0,Creamy Italian-style risotto prepared with tender chicken,,,Next Page
Biryani & Risotto,Shrimp Risotto,Shrimp,Standard,30,"Arborio Rice (160g), Shrimp (100g), Onion (20g), Parmesan (15g), Butter (15g), Fish Stock (110g), White Wine (20g), Salt (3g), Pepper (2g)",0,0,0,0,0,0,Shrimp risotto,,,Next Page
Salad,Greek Salad,No Meat,Standard,30,"Lettuce (40g), Cucumber (30g), Tomatoes (30g), Red Onion (15g), Feta Cheese (25g), Olives (15g), Olive Oil (10g), Oregano (2g), Salt (1g), Pepper (1g)",0,0,0,0,0,0,"Fresh Greek salad with crisp vegetables, feta and olives",,,"Chicken (+5 AED), White Fish (+5 AED), Shrimp (+8 AED), Beef (+8 AED), Salmon (+10 AED)"
Salad,Greek Salad,Grilled Chicken,Standard,35,"Grilled Chicken (60g), Lettuce (35g), Cucumber (25g), Tomatoes (25g), Red Onion (15g), Feta Cheese (20g), Olives (10g), Olive Oil (8g), Oregano (2g), Salt (1g), Pepper (1g)",0,0,0,0,0,0,"Fresh Greek salad with crisp vegetables, feta and olives",,,"Chicken (+5 AED), White Fish (+5 AED), Shrimp (+8 AED), Beef (+8 AED), Salmon (+10 AED)"
Salad,Greek Salad,Shrimp,Standard,30,"Shrimp (60g), Lettuce (35g), Cucumber (25g), Tomatoes (25g), Red Onion (15g), Feta Cheese (20g), Olives (10g), Olive Oil (8g), Oregano (2g), Salt (1g), Pepper (1g)",0,0,0,0,0,0,"Fresh Greek salad with crisp vegetables, feta and olives",,,"Chicken (+5 AED), White Fish (+5 AED), Shrimp (+8 AED), Beef (+8 AED), Salmon (+10 AED)"
Salad,Greek Salad,Salmon,Standard,20,"Grilled Salmon (60g), Lettuce (35g), Cucumber (25g), Tomatoes (25g), Red Onion (15g), Feta Cheese (20g), Olives (10g), Olive Oil (8g), Oregano (2g), Salt (1g), Pepper (1g)",0,0,0,0,0,0,"Fresh Greek salad with crisp vegetables, feta and olives",,,"Chicken (+5 AED), White Fish (+5 AED), Shrimp (+8 AED), Beef (+8 AED), Salmon (+10 AED)"
Salad,Quinoa Salad,No Meat,Standard,25,"Quinoa (60g), Avocado (30g), Cucumber (25g), Tomatoes (25g), Red Onion (10g), Olive Oil (10g), Lemon Juice (10g), Salt (2g), Pepper (2g), Mint (5g)",0,0,0,0,0,0,Fresh quinoa salad with crisp vegetables and creamy avocado,,,"Chicken (+5 AED), White Fish (+5 AED), Shrimp (+8 AED), Beef (+8 AED), Salmon (+10 AED)"
Salad,Quinoa Salad,Grilled Chicken,Standard,20,"Grilled Chicken (60g), Quinoa (50g), Avocado (25g), Cucumber (20g), Tomatoes (20g), Red Onion (10g), Olive Oil (8g), Lemon Juice (8g), Salt (2g), Pepper (2g), Mint (5g)",0,0,0,0,0,0,Fresh quinoa salad with crisp vegetables and creamy avocado,,,"Chicken (+5 AED), White Fish (+5 AED), Shrimp (+8 AED), Beef (+8 AED), Salmon (+10 AED)"
Salad,Quinoa Salad,Grilled Salmon,Standard,25,"Grilled Salmon (60g), Quinoa (50g), Avocado (25g), Cucumber (20g), Tomatoes (20g), Red Onion (10g), Olive Oil (8g), Lemon Juice (8g), Salt (2g), Pepper (2g), Mint (5g)",0,0,0,0,0,0,Fresh quinoa salad with crisp vegetables and creamy avocado,,,"Chicken (+5 AED), White Fish (+5 AED), Shrimp (+8 AED), Beef (+8 AED), Salmon (+10 AED)"
Salad,Fit Salad (Feta & Egg),No Meat,Standard,20,"Lettuce (40g), Feta Cheese (20g), Boiled Egg (30g), Tomatoes (20g), Cucumber (20g), Olive Oil (8g), Lemon Juice (5g), Salt (2g), Pepper (2g), Oregano (2g)",0,0,0,0,0,0,Light salad with feta cheese and boiled egg,,,"Chicken (+5 AED), White Fish (+5 AED), Shrimp (+8 AED), Beef (+8 AED), Salmon (+10 AED)"
Salad,Fit Salad (Feta & Egg),Grilled Chicken,Standard,30,"Grilled Chicken (60g), Lettuce (35g), Feta Cheese (15g), Boiled Egg (25g), Tomatoes (15g), Cucumber (15g), Olive Oil (8g), Lemon Juice (5g), Salt (2g), Pepper (2g), Oregano (2g)",0,0,0,0,0,0,Light salad with feta cheese and boiled egg,,,"Chicken (+5 AED), White Fish (+5 AED), Shrimp (+8 AED), Beef (+8 AED), Salmon (+10 AED)"
Salad,Beef Steak Salad,Standard,Standard,25,"Beef Steak (80g), Lettuce (40g), Tomatoes (25g), Cucumber (25g), Red Onion (10g), Bell Peppers (15g), Olive Oil (8g), Balsamic Vinegar (5g), Salt (2g), Pepper (2g)",0,0,0,0,0,0,Tender beef steak served over fresh crisp salad,,,"Chicken (+5 AED), White Fish (+5 AED), Shrimp (+8 AED), Beef (+8 AED), Salmon (+10 AED)"
Salad,Grilled Chicken Caesar Salad,Standard,Standard,20,"Grilled Chicken (60g), Romaine Lettuce (60g), Parmesan (15g), Croutons (15g), Caesar Dressing (40g: Egg Yolk, Olive Oil, Anchovy, Garlic, Parmesan), Salt (1g), Pepper (1g)",0,0,0,0,0,0,Crisp Caesar salad with grilled chicken and parmesan,,,"Chicken (+5 AED), White Fish (+5 AED), Shrimp (+8 AED), Beef (+8 AED), Salmon (+10 AED)"
Salad,Beetroot Salad,Standard,Standard,25,"Beetroot (80g, Roasted), Lettuce (30g), Feta Cheese (15g), Walnuts (10g), Olive Oil (8g), Balsamic Vinegar (5g), Salt (2g), Pepper (2g), Orange Zest (2g)",0,0,0,0,0,0,Fresh beetroot salad with crisp seasonal vegetables,,,"Chicken (+5 AED), White Fish (+5 AED), Shrimp (+8 AED), Beef (+8 AED), Salmon (+10 AED)"
Salad,Tabouleh Salad,Standard,Standard,28,"Parsley (40g), Quinoa (30g), Tomatoes (30g), Onion (15g), Olive Oil (10g), Lemon Juice (10g), Pomegranate Seeds (10g), Salt (2g)",0,0,0,0,0,0,"Fresh parsley, coriander and tomato salad with quinoa and pomegranate",,,"Chicken (+5 AED), White Fish (+5 AED), Shrimp (+8 AED), Beef (+8 AED), Salmon (+10 AED)"
Salad,Avocado Salad,Standard,Standard,25,"Avocado (80g), Lettuce (30g), Tomatoes (20g), Red Onion (10g), Olive Oil (8g), Lemon Juice (10g), Salt (2g), Pepper (2g), Cilantro (5g)",0,0,0,0,0,0,Fresh avocado salad with crisp vegetables,,,"Chicken (+5 AED), White Fish (+5 AED), Shrimp (+8 AED), Beef (+8 AED), Salmon (+10 AED)"
Salad,Tuna Salad,Standard,Standard,20,"Canned Tuna (60g), Lettuce (40g), Sweet Corn (20g), Tomatoes (20g), Cucumber (20g), Olive Oil (8g), Lemon Juice (5g), Salt (2g), Pepper (2g)",0,0,0,0,0,0,Protein-rich tuna salad with fresh vegetables and sweet corn,,,"Chicken (+5 AED), White Fish (+5 AED), Shrimp (+8 AED), Beef (+8 AED), Salmon (+10 AED)"
Salad,Kale Pomegranate and Spinach Salad,Standard,Standard,25,"Kale (40g), Spinach (30g), Pomegranate Seeds (25g), Mushrooms (20g), Olive Oil (8g), Lemon Juice (8g), Salt (2g), Pepper (2g), Parmesan (10g)",0,0,0,0,0,0,Fresh kale and spinach salad with pomegranate and mushrooms,,,"Chicken (+5 AED), White Fish (+5 AED), Shrimp (+8 AED), Beef (+8 AED), Salmon (+10 AED)"
Salad,Rocca Salad,Standard,Standard,20,"Rocca (Arugula) (40g), Cherry Tomatoes (30g), Parmesan (15g), Olive Oil (10g), Lemon Juice (5g), Salt (2g), Pepper (2g), Pine Nuts (10g)",0,0,0,0,0,0,Fresh rocca salad with crisp seasonal vegetables,,,"Chicken (+5 AED), White Fish (+5 AED), Shrimp (+8 AED), Beef (+8 AED), Salmon (+10 AED)"
Salad,Mixed Fruit Salad,Standard,Standard,25,"Apple (40g), Orange (30g), Banana (30g), Grapes (25g), Strawberries (25g), Pineapple (20g), Honey (5g), Mint (2g), Lime Juice (3g)",0,0,0,0,0,0,Refreshing mixed fruit salad with assorted fresh fruits,,,
Pasta,Aglio Olio Spaghetti,Shrimp,Standard,20,"Spaghetti (100g), Shrimp (80g), Olive Oil (25g), Garlic (10g), Parsley (5g), Red Chili Flakes (2g), Salt (2g), Black Pepper (1g), Parmesan (15g), Lemon Juice (5g)",0,0,0,0,0,0,"Spaghetti tossed with garlic, olive oil, shrimp and parmesan",,,No Add-Ons
Pasta,Brown Pasta Alfredo,Chicken,Standard,20,"Brown Spaghetti (100g), Chicken (80g), Heavy Cream (60g), Parmesan (20g), Butter (15g), Garlic (5g), Salt (2g), Black Pepper (2g), Nutmeg (1g)",0,0,0,0,0,0,Creamy Alfredo brown pasta with tender protein and parmesan,,,
Pasta,Brown Pasta Alfredo,Shrimp,Standard,25,"Brown Spaghetti (100g), Shrimp (70g), Heavy Cream (60g), Parmesan (20g), Butter (15g), Garlic (5g), Salt (2g), Black Pepper (2g), Nutmeg (1g)",0,0,0,0,0,0,Creamy Alfredo brown pasta with tender protein and parmesan,,,
Pasta,Pasta Bolognese,Beef,Standard,35,"Pasta (100g, Penne/Spaghetti), Ground Beef (80g), Tomato Sauce (60g), Onion (15g), Carrot (10g), Celery (10g), Olive Oil (5g), Parmesan (15g), Salt (2g), Pepper (2g), Oregano (2g)",0,0,0,0,0,0,Classic pasta with rich beef Bolognese sauce and parmesan,Penne / Spaghetti,,
Pasta,Pasta Bolognese,Chicken,Standard,30,"Pasta (100g), Ground Chicken (80g), Tomato Sauce (60g), Onion (15g), Carrot (10g), Celery (10g), Olive Oil (5g), Parmesan (15g), Salt (2g), Pepper (2g), Oregano (2g)",0,0,0,0,0,0,Classic pasta with rich beef Bolognese sauce and parmesan,,,
Pasta,Pasta Pesto,Chicken,Standard,35,"Pasta (100g), Chicken (80g), Pesto Sauce (60g: Basil, Olive Oil, Pine Nuts, Garlic, Parmesan), Salt (2g), Pepper (2g), Parmesan (10g)",0,0,0,0,0,0,Pasta tossed with fragrant basil pesto and parmesan,,,
Pasta,Pasta Pesto,Shrimp,Standard,30,"Pasta (100g), Shrimp (70g), Pesto Sauce (60g), Salt (2g), Pepper (2g), Parmesan (10g)",0,0,0,0,0,0,Pasta tossed with fragrant basil pesto and parmesan,,,
Pasta,Beetroot Pasta,Chicken,Standard,40,"Beetroot Pasta (100g), Chicken (80g), Cream (50g), Parmesan (20g), Butter (10g), Garlic (3g), Salt (2g), Pepper (2g), Beetroot Puree (10g)",0,0,0,0,0,0,Vibrant beetroot pasta with tender protein and parmesan,,,
Pasta,Beetroot Pasta,Shrimp,Standard,30,"Beetroot Pasta (100g), Shrimp (70g), Cream (50g), Parmesan (20g), Butter (10g), Garlic (3g), Salt (2g), Pepper (2g), Beetroot Puree (10g)",0,0,0,0,0,0,Vibrant beetroot pasta with tender protein and parmesan,,,
Pasta,Lasagna,Chicken,Standard,35,"Pasta Sheets (70g), Chicken (80g), Tomato Sauce (50g), Béchamel Sauce (40g), Onion (10g), Parmesan (15g), Mozzarella (20g), Salt (2g), Oregano (2g)",0,0,0,0,0,0,"Layered pasta with rich sauce, tender protein and parmesan",,,No Add-Ons
Pasta,Lasagna,Beef,Standard,30,"Pasta Sheets (70g), Ground Beef (80g), Tomato Sauce (50g), Béchamel Sauce (40g), Onion (10g), Parmesan (15g), Mozzarella (20g), Salt (2g), Oregano (2g)",0,0,0,0,0,0,"Layered pasta with rich sauce, tender protein and parmesan",,,No Add-Ons
Pasta,Fusilli Pasta,Chicken,Standard,35,"Fusilli (100g), Chicken (80g), Cream Sauce (60g: Cream, Parmesan, Garlic), Salt (2g), Pepper (2g), Parsley (3g)",0,0,0,0,0,0,Fusilli pasta tossed with savory sauce and tender protein,,,
Pasta,Fusilli Pasta,Shrimp,Standard,30,"Fusilli (100g), Shrimp (70g), Cream Sauce (60g), Salt (2g), Pepper (2g), Parsley (3g)",0,0,0,0,0,0,Fusilli pasta tossed with savory sauce and tender protein,,,
Pasta,Fusilli Pasta,Salmon,Standard,40,"Fusilli (100g), Salmon (70g), Cream Sauce (60g), Salt (2g), Pepper (2g), Parsley (3g), Dill (2g)",0,0,0,0,0,0,Fusilli pasta tossed with savory sauce and tender protein,,,
Pasta,Fettuccine,Chicken,Standard,30,"Fettuccine (100g), Chicken (80g), Cream Sauce (60g), Salt (2g), Pepper (2g), Parsley (3g), Parmesan (15g)",0,0,0,0,0,0,Fettuccine pasta with creamy sauce and tender protein,,,
Pasta,Fettuccine,Shrimp,Standard,35,"Fettuccine (100g), Shrimp (70g), Cream Sauce (60g), Salt (2g), Pepper (2g), Parsley (3g), Parmesan (15g)",0,0,0,0,0,0,Fettuccine pasta with creamy sauce and tender protein,,,
Pasta,Fettuccine,Salmon,Standard,45,"Fettuccine (100g), Salmon (70g), Cream Sauce (60g), Salt (2g), Pepper (2g), Dill (2g), Parmesan (15g)",0,0,0,0,0,0,Fettuccine pasta with creamy sauce and tender protein,,,
Pasta,Arrabbiata Pasta,Chicken,Standard,30,"Pasta (100g), Chicken (80g), Tomato Sauce (60g), Garlic (5g), Red Chili Flakes (5g), Olive Oil (10g), Parsley (3g), Salt (2g), Parmesan (10g)",0,0,0,0,0,0,Pasta tossed in spicy tomato Arrabbiata sauce and parmesan,,,
Pasta,Arrabbiata Pasta,Shrimp,Standard,35,"Pasta (100g), Shrimp (70g), Tomato Sauce (60g), Garlic (5g), Red Chili Flakes (5g), Olive Oil (10g), Parsley (3g), Salt (2g), Parmesan (10g)",0,0,0,0,0,0,Pasta tossed in spicy tomato Arrabbiata sauce and parmesan,,,
Pasta,Pasta with White Sauce,Chicken,Standard,30,"Pasta (100g), Chicken (80g), White Sauce (60g: Cream, Butter, Flour, Parmesan), Salt (2g), Pepper (2g), Parmesan (15g)",0,0,0,0,0,0,Pasta tossed in creamy white sauce with tender protein,,,
Pasta,Pasta with White Sauce,Shrimp,Standard,35,"Pasta (100g), Shrimp (70g), White Sauce (60g), Salt (2g), Pepper (2g), Parmesan (15g)",0,0,0,0,0,0,Pasta tossed in creamy white sauce with tender protein,,,
Pasta,Pasta with Red Sauce,Chicken,Standard,30,"Pasta (100g), Chicken (80g), Tomato Sauce (60g), Onion (10g), Garlic (5g), Olive Oil (5g), Salt (2g), Oregano (2g), Parmesan (10g)",0,0,0,0,0,0,Pasta tossed in rich tomato sauce with tender protein,,,
Pasta,Pasta with Red Sauce,Shrimp,Standard,35,"Pasta (100g), Shrimp (70g), Tomato Sauce (60g), Onion (10g), Garlic (5g), Olive Oil (5g), Salt (2g), Oregano (2g), Parmesan (10g)",0,0,0,0,0,0,Pasta tossed in rich tomato sauce with tender protein,,,
Pasta,Pasta Pink Sauce,Chicken,Standard,30,"Pasta (100g), Chicken (80g), Pink Sauce (60g: Tomato & Cream), Salt (2g), Pepper (2g), Parmesan (10g)",0,0,0,0,0,0,Creamy pink tomato sauce pasta with tender protein,,,
Pasta,Pasta Pink Sauce,Shrimp,Standard,35,"Pasta (100g), Shrimp (70g), Pink Sauce (60g), Salt (2g), Pepper (2g), Parmesan (10g)",0,0,0,0,0,0,Creamy pink tomato sauce pasta with tender protein,,,
Pasta,Pasta with Mix Sauce,Chicken,Standard,30,"Pasta (100g), Chicken (80g), Mixed Sauce (60g: Cream, Tomato, Cheese), Salt (2g), Pepper (2g)",0,0,0,0,0,0,Pasta tossed in a rich and creamy mixed sauce,,,
Pasta,Pasta with Mix Sauce,Shrimp,Standard,35,"Pasta (100g), Shrimp (70g), Mixed Sauce (60g), Salt (2g), Pepper (2g)",0,0,0,0,0,0,Pasta tossed in a rich and creamy mixed sauce,,,
Soups,Creamy Chicken Mushroom Soup,,Standard,20,"Chicken Stock (150g), Heavy Cream (50g), Mushrooms (30g), Chicken (20g), Onion (10g), Flour (8g), Butter (8g), Salt (3g), Pepper (2g), Thyme (2g)",0,0,0,0,0,0,Creamy chicken and mushroom soup with rich savory flavor,,,
Soups,Broccoli Soup,,Standard,20,"Broccoli (100g), Chicken Stock (100g), Heavy Cream (40g), Onion (15g), Butter (10g), Flour (5g), Salt (3g), Pepper (2g), Nutmeg (1g)",0,0,0,0,0,0,Creamy broccoli soup blended to smooth perfection,,,
Soups,Lentil Soup,,Standard,20,"Red Lentils (60g), Chicken Stock (150g), Onion (20g), Carrot (15g), Tomato Paste (5g), Cumin (3g), Coriander (2g), Salt (3g), Pepper (2g), Lemon Juice (5g)",0,0,0,0,0,0,Hearty lentil soup with warming herbs and spices,,,
Soups,Vegetable Soup,,Standard,20,"Vegetable Stock (150g), Carrots (25g), Celery (20g), Onion (15g), Zucchini (15g), Green Beans (10g), Tomatoes (15g), Salt (3g), Pepper (2g), Thyme (2g)",0,0,0,0,0,0,Light vegetable soup made with fresh seasonal vegetables,,,
Soups,Sweet Carrot Soup,,Standard,20,"Carrots (120g), Chicken Stock (80g), Onion (15g), Butter (10g), Orange Juice (10g), Salt (3g), Pepper (2g), Ginger (2g), Cinnamon (1g)",0,0,0,0,0,0,Smooth and naturally sweet carrot soup,,,
Platters,Chicken Fit Platter,,Standard Portion,30,"Grilled Chicken Breast (100g), Brown Rice (80g), Broccoli (40g), Sweet Potato (40g), Olive Oil (5g), Salt (2g), Pepper (2g), Paprika (2g), Garlic Powder (1g)",0,0,0,0,0,0,"Grilled chicken served with wholesome rice, broccoli and sweet potato",,"White Rice, Brown Rice, Red Rice, Yellow Rice, Beetroot Rice, French Fries, Mashed Potato, Grilled Potato, Sweet Potato, Cooked Vegetable, Cooked Quinoa",
Platters,Pink Salmon Platter,,Standard,42,"Grilled Salmon Fillet (120g), Quinoa (60g), Avocado (30g), Asparagus (40g), Lemon Wedge (5g), Olive Oil (5g), Salt (2g), Pepper (2g), Dill (2g)",0,0,0,0,0,0,Pink salmon platter,,,
Platters,Healthy Platter,,Standard Portion,30,"Grilled Chicken (90g), Quinoa (50g), Avocado (25g), Sweet Potato (40g), Spinach (30g), Olive Oil (5g), Salt (2g), Pepper (2g), Lemon Juice (5g)",0,0,0,0,0,0,Balanced healthy platter with lean protein and wholesome sides,,"White Rice, Brown Rice, Red Rice, Yellow Rice, Beetroot Rice, French Fries, Mashed Potato, Grilled Potato, Sweet Potato, Cooked Vegetable, Cooked Quinoa",
Pizza,Pepperoni Pizza,,1 pizza,35,"Pizza Dough (200g: Flour, Water, Yeast, Salt, Oil), Tomato Sauce (70g), Mozzarella Cheese (80g), Pepperoni (40g), Olive Oil (5g), Oregano (2g)",0,0,0,0,0,0,Classic pizza topped with savory pepperoni and melted cheese,,,
Pizza,Chicken Pizza,,1 pizza,30,"Pizza Dough (200g), Tomato Sauce (70g), Mozzarella Cheese (80g), Grilled Chicken (40g), Bell Peppers (15g), Onion (10g), Olive Oil (5g), Oregano (2g)",0,0,0,0,0,0,Pizza topped with tender chicken and melted cheese,,,
Pizza,Shrimp Pizza,,1 pizza,35,"Pizza Dough (200g), Tomato Sauce (70g), Mozzarella Cheese (80g), Shrimp (35g), Bell Peppers (15g), Onion (10g), Olive Oil (5g), Oregano (2g), Garlic (2g)",0,0,0,0,0,0,Pizza topped with juicy shrimp and melted cheese,,,
Pizza,Hawaiian Pizza,,1 pizza,32,"Pizza Dough (200g), Tomato Sauce (70g), Mozzarella Cheese (80g), Ham (30g), Pineapple (30g), Olive Oil (5g), Oregano (2g)",0,0,0,0,0,0,Hawaiian pizza,,,
Pizza,Beef Pizza,,1 pizza,38,"Pizza Dough (200g), Tomato Sauce (70g), Mozzarella Cheese (80g), Ground Beef (40g), Onion (10g), Bell Peppers (10g), Olive Oil (5g), Oregano (2g)",0,0,0,0,0,0,Pizza topped with seasoned beef and melted cheese,,,
Pizza,Margherita Pizza,,1 pizza,30,"Pizza Dough (200g), Tomato Sauce (80g), Mozzarella Cheese (100g), Fresh Basil (5g), Olive Oil (10g), Salt (2g), Oregano (2g)",0,0,0,0,0,0,Classic pizza topped with tomato sauce and mozzarella,,,
Pizza,Vegetable Pizza,,1 pizza,30,"Pizza Dough (200g), Tomato Sauce (70g), Mozzarella Cheese (70g), Bell Peppers (20g), Onions (15g), Mushrooms (15g), Olives (10g), Olive Oil (5g), Oregano (2g)",0,0,0,0,0,0,Pizza topped with fresh vegetables and melted cheese,,,
Burger & Sandwiches,Iceburger SPL,Chicken,Standard,25,"Brioche Bun (60g), Fried Chicken Fillet (80g), Lettuce (15g), Tomato (15g), Cheese (20g), Special Sauce (30g: Mayo, Ketchup, Relish), Pickles (5g), Salt (1g), Pepper (1g)",0,0,0,0,0,0,Crispy chicken or beef burger with fresh toppings and special sauce,,,
Burger & Sandwiches,Iceburger SPL,Beef,Standard,30,"Brioche Bun (60g), Beef Patty (80g), Lettuce (15g), Tomato (15g), Cheese (20g), Special Sauce (30g), Pickles (5g), Salt (1g), Pepper (1g)",0,0,0,0,0,0,Crispy chicken or beef burger with fresh toppings and special sauce,,,
Burger & Sandwiches,Beef Bacon Burger,Standard,Standard,25,"Brioche Bun (60g), Beef Patty (90g), Bacon (20g), Cheddar Cheese (20g), Lettuce (15g), Tomato (15g), Onion (10g), Ketchup (10g), Mustard (5g), Salt (1g), Pepper (1g)",0,0,0,0,0,0,Juicy beef burger topped with crispy bacon and cheese,,,
Burger & Sandwiches,Healthy Club,Standard,Standard,25,"Whole Wheat Bread (60g, 3 slices), Grilled Chicken (50g), Turkey Breast (30g), Lettuce (15g), Tomato (15g), Avocado (20g), Mayonnaise (10g), Salt (1g), Pepper (1g)",0,0,0,0,0,0,Light and wholesome club sandwich with lean protein and fresh fillings,,,
Burger & Sandwiches,Turkey Robin Melt,Standard,Standard,35,"Bread (50g), Turkey Breast (70g), Cheddar Cheese (25g), Tomato (15g), Lettuce (10g), Mayonnaise (10g), Mustard (5g), Salt (1g), Pepper (1g)",0,0,0,0,0,0,Turkey sandwich melt with melted cheese and savory fillings,,,
Burger & Sandwiches,Philly Steak,Standard,Standard,40,"Sub Roll (70g), Beef Strips (80g), Bell Peppers (20g), Onions (20g), Provolone Cheese (20g), Mayonnaise (5g), Salt (1g), Pepper (1g), Garlic (2g)",0,0,0,0,0,0,Tender steak with sautéed fillings in a soft sandwich,,,
Burger & Sandwiches,Chicken Sandwich,Standard,Standard,25,"Bun (50g), Grilled Chicken (80g), Lettuce (15g), Tomato (15g), Mayonnaise (15g), Salt (1g), Pepper (1g), Pickles (5g)",0,0,0,0,0,0,Tender chicken sandwich with fresh vegetables and savory sauce,,,
Burger & Sandwiches,Classic Cheeseburger,Beef,Standard,30,"Bun (60g), Beef Patty (90g), Cheddar Cheese (20g), Lettuce (15g), Tomato (15g), Onion (10g), Ketchup (15g), Mustard (5g), Pickles (5g), Salt (1g), Pepper (1g)",0,0,0,0,0,0,Classic juicy cheeseburger topped with melted cheese,,,
Burger & Sandwiches,Classic Cheeseburger,Chicken,Standard,25,"Bun (60g), Fried Chicken Patty (90g), Cheddar Cheese (20g), Lettuce (15g), Tomato (15g), Onion (10g), Ketchup (15g), Mustard (5g), Pickles (5g), Salt (1g), Pepper (1g)",0,0,0,0,0,0,Classic juicy cheeseburger topped with melted cheese,,,
Burger & Sandwiches,Buffalo Burger,Standard,Standard,35,"Bun (60g), Beef Patty (80g), Buffalo Sauce (25g), Blue Cheese (15g), Lettuce (15g), Tomato (15g), Onion (10g), Salt (1g), Pepper (1g)",0,0,0,0,0,0,Juicy buffalo-style burger with a spicy tangy finish,,,
Burger & Sandwiches,3 Mini Burger,,Standard,30,"3x Mini Buns (60g total), 3x Mini Beef/Chicken Patties (75g total), Cheese (15g), Lettuce (10g), Tomato (10g), Ketchup (10g), Mayo (10g), Pickles (5g)",0,0,0,0,0,0,Three mini burgers,,,
Burger & Sandwiches,Ecstasy Burger,,Standard,35,"Bun (60g), Beef Patty (100g), Cheese (20g), Bacon (15g), Fried Egg (30g), Onion Rings (20g), BBQ Sauce (15g), Lettuce (10g), Tomato (10g)",0,0,0,0,0,0,Ecstasy burger,,,
Burger & Sandwiches,Smoked Grill Chicken Burger,,Standard,25,"Bun (60g), Smoked Chicken Patty (90g), Lettuce (15g), Tomato (15g), Onion (10g), Smoked BBQ Sauce (20g), Cheese (15g), Pickles (5g)",0,0,0,0,0,0,Smoked grilled chicken burger,,,
Burger & Sandwiches,Chicken Burger,,Standard,25,"Bun (60g), Fried Chicken Patty (100g), Lettuce (15g), Tomato (15g), Mayonnaise (15g), Salt (1g), Pepper (1g)",0,0,0,0,0,0,Chicken burger,,,
Burger & Sandwiches,Scottish Tuna Sandwich,,Standard,20,"Bread (50g), Canned Tuna (60g), Mayonnaise (15g), Celery (10g), Red Onion (10g), Lettuce (10g), Tomato (10g), Salt (1g), Pepper (1g)",0,0,0,0,0,0,Scottish tuna sandwich,,,
Burger & Sandwiches,Egg Omelette Sandwich,,Standard,17,"Bread (50g), Eggs (100g, 2 eggs), Cheddar Cheese (15g), Butter (5g), Salt (1g), Pepper (1g), Ketchup (5g)",0,0,0,0,0,0,Egg omelette sandwich,,,
Burger & Sandwiches,Beef Burger with Grilled Potato,,Standard,35,"Bun (50g), Beef Patty (80g), Lettuce (10g), Tomato (10g), Cheese (15g), Onion (10g), Grilled Potato (40g), Olive Oil (3g), Salt (1g), Pepper (1g)",0,0,0,0,0,0,Beef burger served with grilled potato,,,
Wraps,Tuna Wrap,,Standard,25,"Tortilla Wrap (50g), Canned Tuna (60g), Lettuce (20g), Tomato (20g), Red Onion (10g), Cheddar Cheese (15g), Mayonnaise (15g), Salt (1g), Pepper (1g)",0,0,0,0,0,0,"Tuna wrap with fresh vegetables, cheese and creamy dressing",,,No Add-Ons
Wraps,Fajita Wrap,,Standard,25,"Tortilla Wrap (50g), Grilled Chicken (70g), Bell Peppers (20g), Onions (15g), Cheddar Cheese (20g), Sour Cream (10g), Salsa (10g), Salt (1g), Pepper (1g)",0,0,0,0,0,0,Seasoned chicken fajita wrap with peppers and cheese,,,
Wraps,BBQ Wrap,,Standard,25,"Tortilla Wrap (50g), Grilled Chicken (70g), Bell Peppers (15g), Onions (10g), Cheddar Cheese (20g), BBQ Sauce (20g), Lettuce (10g), Salt (1g), Pepper (1g)",0,0,0,0,0,0,"Tender chicken with smoky BBQ sauce, peppers and cheese in a wrap",,,No Add-Ons
Wraps,Chicken Tikka Wrap,,Standard,25,"Tortilla Wrap (50g), Chicken Tikka (70g), Lettuce (20g), Tomato (15g), Cucumber (15g), Mint Yogurt Sauce (20g), Onion (10g), Salt (1g), Pepper (1g)",0,0,0,0,0,0,Tender chicken tikka with aromatic spices and creamy sauce,,,
Wraps,Burrito Wrap,,Standard,30,"Tortilla Wrap (60g), Chicken/Beef (50g), Rice (50g), Black Beans (30g), Bell Peppers (15g), Onions (10g), Cheese (20g), Sour Cream (15g), Salsa (15g)",0,0,0,0,0,0,"Protein-packed burrito wrap with beans, peppers and cheese",,,No Add-Ons
Wraps,Zinger Wrap,,Standard,30,"Tortilla Wrap (50g), Fried Chicken Fillet (80g), Lettuce (15g), Tomato (10g), Cheese (20g), Spicy Mayo (25g), Salt (1g), Pepper (1g)",0,0,0,0,0,0,Crispy spicy chicken with creamy sauce in a soft wrap,,,
Wraps,Chicken Quesadilla Wrap,,Standard,27,"Tortilla Wrap (50g), Grilled Chicken (70g), Cheddar Cheese (30g), Bell Peppers (15g), Onions (15g), Sour Cream (10g), Salsa (5g), Salt (1g), Pepper (1g)",0,0,0,0,0,0,Grilled chicken quesadilla with melted cheese in a toasted wrap,,,
Wraps,Chicken Tandoori Wrap,,Standard,25,"Tortilla Wrap (50g), Chicken Tandoori (70g), Lettuce (20g), Tomato (15g), Cucumber (15g), Mint Chutney (20g), Onion (10g), Salt (1g), Pepper (1g)",0,0,0,0,0,0,Tender tandoori chicken with aromatic spices and creamy sauce,,,
Wraps,Caesar Wrap,,Standard,20,"Tortilla Wrap (50g), Grilled Chicken (60g), Romaine Lettuce (25g), Parmesan (10g), Caesar Dressing (25g), Croutons (10g), Salt (1g), Pepper (1g)",0,0,0,0,0,0,"Classic Caesar wrap with chicken, crisp lettuce and creamy dressing",,,No Add-Ons
Wraps,Egg Salad Wrap,,Standard,20,"Tortilla Wrap (50g), Hard Boiled Eggs (80g), Mayonnaise (15g), Celery (10g), Red Onion (10g), Lettuce (15g), Salt (1g), Pepper (1g), Paprika (2g)",0,0,0,0,0,0,Creamy egg salad with fresh vegetables in a soft wrap,,,
Wraps,Labneh Zaatar Wrap,,Standard,20,"Tortilla Wrap (50g), Labneh (40g), Zaatar (10g), Tomatoes (20g), Cucumber (20g), Mint (5g), Olive Oil (5g), Salt (1g)",0,0,0,0,0,0,Creamy labneh with aromatic zaatar in a soft wrap,,,
Wraps,Halloumi Wrap,,Standard,25,"Tortilla Wrap (50g), Halloumi Cheese (80g), Tomatoes (25g), Cucumber (25g), Mint (5g), Olive Oil (5g), Salt (1g), Pepper (1g)",0,0,0,0,0,0,Grilled halloumi cheese wrapped in soft flatbread,,,
Wraps,Grilled Shrimp Wrap,,Standard,30,"Tortilla Wrap (50g), Grilled Shrimp (70g), Lettuce (20g), Tomato (15g), Cheese (15g), Dynamite Sauce (20g), Salt (1g), Pepper (1g)",0,0,0,0,0,0,Juicy grilled shrimp with cheese and creamy dynamite sauce,,,
Wraps,Beef Steak Wrap,,Standard,30,"Tortilla Wrap (50g), Beef Steak Strips (70g), Bell Peppers (15g), Onions (15g), Cheese (20g), Creamy Sauce (20g), Salt (1g), Pepper (1g)",0,0,0,0,0,0,Tender beef steak with cheese and creamy sauce in a soft wrap,,,
Wraps,Slim Turkey Wrap,,Standard,20,"Tortilla Wrap (50g), Turkey Breast (50g), Omelet (30g), Lettuce (20g), Tomato (15g), Cheese (15g), Light Mayo (15g), Salt (1g), Pepper (1g)",0,0,0,0,0,0,"Light turkey wrap with omelet, cheese and creamy sauce",,,No Add-Ons
Wraps,Patty Wrap,,Standard,30,"Tortilla Wrap (50g), Beef Patty (70g), Lettuce (15g), Tomato (15g), Onion (10g), Cheese (20g), Ketchup (15g), Mustard (5g), Salt (1g), Pepper (1g)",0,0,0,0,0,0,Juicy beef patty with cheese and creamy sauce in a soft wrap,,,
Breakfast,Shakshuka,,Standard,20,"Eggs (100g, 2 eggs), Tomato Sauce (100g: Crushed Tomatoes, Onion, Garlic, Bell Pepper), Bell Peppers (20g), Onion (15g), Garlic (5g), Olive Oil (10g), Salt (2g), Paprika (2g), Cumin (2g), Chili (1g)",0,0,0,0,0,0,Shakshuka,,,
Breakfast,Crepe con la Salsa,,Standard,28,"Crepe (80g: Flour, Milk, Eggs, Butter), Salsa (50g: Tomato, Onion, Chili, Cilantro), Cheese (20g), Salt (1g), Pepper (1g)",0,0,0,0,0,0,Crepe served with sauce,,,
Breakfast,Fruit Dosa,,Standard,30,"Dosa Batter (120g: Rice, Urad Dal), Mixed Fruits (50g: Banana, Apple, Berries), Honey (10g), Ghee (5g)",0,0,0,0,0,0,Fruit dosa,,,
Breakfast,Smoothie Bowl,,Standard,35,"Acai or Smoothie Base (100g), Banana (30g), Berries (30g), Granola (20g), Chia Seeds (5g), Coconut Flakes (5g), Honey (5g)",0,0,0,0,0,0,Smoothie bowl,,,
Breakfast,Smoked Salmon Sandwich,,Standard,25,"Bread (50g), Smoked Salmon (60g), Cream Cheese (20g), Cucumber (15g), Red Onion (10g), Capers (5g), Dill (2g), Salt (1g), Pepper (1g)",0,0,0,0,0,0,Smoked salmon sandwich,,,
Breakfast,Acai w Mango,,Standard,35,"Acai Puree (80g), Mango Chunks (40g), Granola (20g), Banana (20g), Honey (5g)",0,0,0,0,0,0,Acai bowl with mango,,,
Breakfast,Acai w Coconut and Banana,,Standard,32,"Acai Puree (80g), Banana (40g), Coconut Flakes (15g), Granola (20g), Honey (5g)",0,0,0,0,0,0,Acai bowl with coconut and banana,,,
Breakfast,Acai w Peanut Butter,,Standard,35,"Acai Puree (80g), Banana (30g), Peanut Butter (15g), Granola (20g), Honey (5g), Chia Seeds (5g)",0,0,0,0,0,0,Acai bowl with peanut butter,,,
Breakfast,French Toast,,Standard,25,"Bread (80g, 2 slices), Eggs (50g, 1 egg), Milk (30ml), Butter (10g), Cinnamon (2g), Vanilla (2g), Salt (1g), Honey/Syrup (15g)",0,0,0,0,0,0,Golden French toast served with a lightly sweet finish,,,
Breakfast,Balaleet w Egg,,Standard,25,"Vermicelli (60g), Eggs (50g, 1 egg), Sugar (15g), Cardamom (2g), Saffron (1g), Rose Water (5g), Ghee (10g), Salt (1g)",0,0,0,0,0,0,Traditional sweet balaleet served with egg,,,
Breakfast,Acai w Fruits & Granola,,Standard,30,"Acai Puree (70g), Mixed Fruits (40g: Banana, Strawberry, Blueberry), Granola (30g), Honey (10g), Chia Seeds (5g)",0,0,0,0,0,0,Creamy acai bowl topped with fresh fruits and crunchy granola,,,
Breakfast,Pancakes w Berries & Honey,,Standard,25,"Pancake Batter (100g: Flour, Milk, Eggs, Baking Powder), Berries (30g), Honey (20g), Butter (10g)",0,0,0,0,0,0,Fluffy pancakes topped with berries and honey,Chocolate / Honey,,
Breakfast,Egg Omelet w Spinach & Mushroom,,Standard,25,"Eggs (100g, 2 eggs), Spinach (30g), Mushrooms (30g), Onion (10g), Olive Oil (10g), Salt (2g), Pepper (2g), Cheese (15g)",0,0,0,0,0,0,Egg omelet with fresh spinach and mushrooms,,,
Breakfast,Oatmeal,,Standard,15,"Rolled Oats (50g), Milk or Water (150ml), Banana (20g), Berries (15g), Honey (10g), Salt (1g)",0,0,0,0,0,0,Warm creamy oatmeal prepared for a wholesome breakfast,Chocolate / Peanut Butter,,
Breakfast,Waffles,,Standard,25,"Waffle Batter (100g: Flour, Milk, Eggs, Butter, Baking Powder), Butter (10g), Honey/Syrup (15g), Berries (15g)",0,0,0,0,0,0,Golden fluffy waffles served with a lightly sweet finish,,,
Breakfast,Greek Yogurt,,Standard,20,"Greek Yogurt (180g), Honey (10g), Berries (15g), Granola (10g)",0,0,0,0,0,0,Creamy Greek yogurt served fresh,,,
Desserts,Brownies Cake,,Slice,10,"Brownie (120g: Flour, Sugar, Butter, Eggs, Cocoa, Chocolate Chips), Salt (1g)",0,0,0,0,0,0,Brownie cake slice,,,
Desserts,Lemon Cake,,Slice,10,"Lemon Cake (120g: Flour, Sugar, Butter, Eggs, Lemon Zest, Lemon Juice), Icing Sugar (5g)",0,0,0,0,0,0,Lemon cake slice,,,
Desserts,Date Cake,,Slice,10,"Date Cake (120g: Flour, Dates, Butter, Eggs, Sugar, Walnuts, Cinnamon), Salt (1g)",0,0,0,0,0,0,Date cake slice,,,
Desserts,Carrot Cake,,Slice,10,"Carrot Cake (120g: Flour, Carrots, Sugar, Oil, Eggs, Walnuts, Cinnamon), Cream Cheese Frosting (20g)",0,0,0,0,0,0,Carrot cake slice,,,
Desserts,Cheese Cake,,Slice,30,"Cheesecake (130g: Cream Cheese, Sugar, Eggs, Butter, Graham Cracker Crust), Berries (10g)",0,0,0,0,0,0,Cheesecake slice,,,
Rice & Sides,White Rice,,150g,8,"White Rice (150g, Cooked), Salt (1g)",0,0,0,0,0,0,Fluffy steamed white rice,,,
Rice & Sides,Brown Rice,,150g,10,"Brown Rice (150g, Cooked), Salt (1g)",0,0,0,0,0,0,Nutty and wholesome brown rice,,,
Rice & Sides,Red Rice,,150g,8,"Red Rice (150g, Cooked), Salt (1g)",0,0,0,0,0,0,"Nutty, hearty red rice",,,No Add-Ons
Rice & Sides,Yellow Rice,,150g,8,"White Rice (140g, Cooked), Turmeric (2g), Saffron (1g), Salt (1g), Ghee (5g), Cumin (1g)",0,0,0,0,0,0,Fragrant seasoned yellow rice,,,
Rice & Sides,Beetroot Rice,,150g,10,"White Rice (135g, Cooked), Beetroot Puree (15g), Salt (1g), Garlic (1g), Olive Oil (2g)",0,0,0,0,0,0,Vibrant beetroot-infused rice,,,
Rice & Sides,French Fries,,150g,12,"Potatoes (150g), Vegetable Oil (for frying, 10g absorbed), Salt (2g)",0,0,0,0,0,0,Crispy golden French fries,,,
Rice & Sides,Mashed Potato,,150g,10,"Potatoes (150g, Boiled), Butter (10g), Milk (20ml), Salt (2g), Pepper (1g)",0,0,0,0,0,0,"Creamy, smooth mashed potato",,,No Add-Ons
Rice & Sides,Grilled Potato,,150g,10,"Potatoes (140g), Olive Oil (5g), Salt (2g), Black Pepper (2g), Paprika (2g), Garlic Powder (1g)",0,0,0,0,0,0,Golden grilled potato wedges,,,
Rice & Sides,Sweet Potato,,150g,10,"Sweet Potato (150g), Olive Oil (3g), Salt (1g), Cinnamon (1g), Black Pepper (1g)",0,0,0,0,0,0,Naturally sweet roasted sweet potato,,,
Rice & Sides,Cooked Vegetables,,150g,10,"Broccoli (40g), Carrots (30g), Zucchini (30g), Bell Peppers (25g), Green Beans (25g), Olive Oil (5g), Salt (2g), Pepper (2g), Garlic (2g)",0,0,0,0,0,0,Fresh mixed seasonal vegetables,,,
Rice & Sides,Cooked Quinoa,,150g,10,"Quinoa (150g, Cooked), Salt (1g), Olive Oil (3g)",0,0,0,0,0,0,"Fluffy, protein-rich cooked quinoa",,,No Add-Ons
Smoothies & Juices,Mango Banana Walnut,,320ml,20,"Mango (80g), Banana (60g), Walnuts (20g), Milk/Yogurt (100ml), Ice (60g), Honey (5g)",0,0,0,0,0,0,"Creamy smoothie blended with mango, banana and walnuts",,,No Add-Ons
Smoothies & Juices,Blueberry Banana Greek Yogurt,,320ml,20,"Blueberries (60g), Banana (60g), Greek Yogurt (100g), Milk (40ml), Ice (50g), Honey (5g)",0,0,0,0,0,0,"Creamy smoothie blended with blueberries, banana and Greek yogurt",,,No Add-Ons
Smoothies & Juices,Strawberry Banana Greek Yogurt,,320ml,30,"Strawberries (60g), Banana (60g), Greek Yogurt (100g), Milk (40ml), Ice (50g), Honey (5g)",0,0,0,0,0,0,"Creamy smoothie blended with strawberries, banana and Greek yogurt",,,No Add-Ons
Smoothies & Juices,Banana Milk & Walnut Juice,,320ml,15,"Banana (80g), Milk (150ml), Walnuts (25g), Ice (60g), Honey (5g), Vanilla (2g)",0,0,0,0,0,0,Creamy banana and milk smoothie with walnuts,,,
Smoothies & Juices,Carrot & Ginger Juice,,320ml,15,"Carrots (150g), Ginger (15g), Water (100ml), Ice (50g), Lemon Juice (5g)",0,0,0,0,0,0,Fresh carrot juice blended with ginger,,,
Smoothies & Juices,Kiwi Juice,,320ml,20,"Kiwi (150g), Water (100ml), Ice (60g), Sugar/Honey (10g)",0,0,0,0,0,0,Refreshing fresh kiwi juice,,,
Smoothies & Juices,Lime & Mint Juice,,320ml,15,"Lime Juice (60ml), Mint Leaves (10g), Water (150ml), Ice (80g), Sugar/Honey (20g)",0,0,0,0,0,0,Refreshing lime and mint juice,,,
Smoothies & Juices,Green Apple Juice,,320ml,20,"Green Apples (150g), Water (100ml), Ice (60g), Lemon Juice (5g), Sugar (10g)",0,0,0,0,0,0,Fresh green apple juice,,,
Smoothies & Juices,Pineapple Juice,,320ml,20,"Pineapple (160g), Water (100ml), Ice (60g), Lime Juice (5g), Sugar (10g)",0,0,0,0,0,0,Refreshing fresh pineapple juice,,,
Smoothies & Juices,Strawberry & Melon Juice,,320ml,20,"Strawberries (70g), Melon (80g), Water (100ml), Ice (60g), Sugar (10g)",0,0,0,0,0,0,Refreshing strawberry and melon juice,,,
Smoothies & Juices,Carrot Juice,,320ml,15,"Carrots (180g), Water (100ml), Ice (40g), Sugar (10g)",0,0,0,0,0,0,Fresh natural carrot juice,,,
Smoothies & Juices,Beetroot Lemon & Ginger Juice,,320ml,15,"Beetroot (100g), Lemon Juice (30ml), Ginger (10g), Water (120ml), Ice (50g)",0,0,0,0,0,0,Refreshing beetroot juice with lemon and ginger,,,
Smoothies & Juices,Avocado & Banana Shake,,320ml,20,"Avocado (70g), Banana (70g), Milk (120ml), Ice (50g), Honey (10g)",0,0,0,0,0,0,Creamy avocado and banana shake,,,
Smoothies & Juices,Chocolate Protein Shake,,320ml,20,"Milk (150ml), Chocolate Protein Powder (30g), Banana (50g), Peanut Butter (15g), Ice (60g), Cocoa Powder (5g)",0,0,0,0,0,0,Rich chocolate protein shake,,,
Smoothies & Juices,Avocado Banana Pistachio Protein Shake,,320ml,20,"Avocado (60g), Banana (60g), Protein Powder (30g), Pistachios (15g), Milk (120ml), Ice (50g), Honey (5g)",0,0,0,0,0,0,Creamy avocado and banana protein shake with pistachios,,,
Smoothies & Juices,Mixed Berries Walnut Protein Shake,,320ml,20,"Mixed Berries (80g), Protein Powder (30g), Walnuts (15g), Milk (120ml), Ice (50g), Honey (5g)",0,0,0,0,0,0,Mixed berry protein shake with walnuts,,,
Smoothies & Juices,Banana Strawberry Juice,,320ml,15,"Banana (80g), Strawberries (80g), Milk (100ml), Ice (60g), Honey (5g)",0,0,0,0,0,0,Banana and strawberry drink,,,
Smoothies & Juices,Orange Juice,,320ml,15,"Oranges (250g), Ice (50g), Water (20ml), Sugar (5g, optional)",0,0,0,0,0,0,Fresh orange juice,,,
Smoothies & Juices,Strawberry and Lemon Juice,,320ml,15,"Strawberries (100g), Lemon Juice (40ml), Water (120ml), Ice (60g), Sugar (15g), Mint (2g)",0,0,0,0,0,0,Strawberry and lemon juice,,,
Drinks,Water,,500ml,1,Water (500ml),0,0,0,0,0,0,Refreshing bottled water,,,
Drinks,Coke Zero,,225ml,4,"Carbonated Water (225ml), Caramel Color, Phosphoric Acid, Aspartame, Potassium Benzoate, Natural Flavors",0,0,0,0,0,0,Zero-sugar cola soft drink,,,
Drinks,7Up Zero,,225ml,4,"Carbonated Water (225ml), Citric Acid, Natural Flavors, Aspartame, Potassium Citrate",0,0,0,0,0,0,Zero-sugar lemon-lime soft drink,,,
Drinks,Pepsi Zero,,225ml,4,"Carbonated Water (225ml), Caramel Color, Phosphoric Acid, Aspartame, Caffeine, Natural Flavors",0,0,0,0,0,0,Zero-sugar cola soft drink,,,
Drinks,Mountain Dew Zero,,225ml,4,"Carbonated Water (225ml), Citric Acid, Natural Flavors, Aspartame, Potassium Citrate, Caffeine",0,0,0,0,0,0,Zero-sugar citrus soft drink,,,
Vegetable Meal,Spinach Paneer,Paneer,300g,25,"Paneer (100g), Spinach (80g), Onion (30g), Tomato Puree (30g), Cream (25g), Butter (15g), Garlic (5g), Ginger (5g), Cumin (2g), Turmeric (1g), Chili (2g), Salt (3g)",0,0,0,0,0,0,Creamy spinach and paneer curry,Mild / Medium / Spicy,—,
Vegetable Meal,BBQ Paneer,Paneer,300g,25,"Paneer (100g), BBQ Sauce (60g: Ketchup, Brown Sugar, Vinegar, Spices), Bell Peppers (40g), Onion (30g), Olive Oil (15g), Salt (2g), Pepper (2g)",0,0,0,0,0,0,Paneer grilled with smoky BBQ seasoning,Mild / Medium / Spicy,—,
Vegetable Meal,Okra Curry,With Rice,400g,15,"Okra (100g), Basmati Rice (150g), Onion (40g), Tomato (40g), Olive Oil (15g), Garlic (5g), Cumin (2g), Coriander (2g), Turmeric (1g), Chili (2g), Salt (3g), Water (100g for cooking rice)",0,0,0,0,0,0,Traditional curry served with rice,Mild / Medium / Spicy,Add Basmati Rice,
Vegetable Meal,Mixed Vegetables & Red Kidney Beans,Veg / Beans,300g,20,"Red Kidney Beans (60g, cooked), Mixed Vegetables (80g: Cauliflower, Carrots, Peas, Beans), Onion (30g), Tomato Puree (30g), Olive Oil (10g), Garlic (5g), Cumin (2g), Coriander (2g), Turmeric (1g), Chili (1g), Salt (3g)",0,0,0,0,0,0,Mixed vegetables and red kidney beans,Mild / Medium / Spicy,—,
Vegetable Meal,Mushroom Broccoli Rice,Veg Rice,250g,20,"Brown/White Rice (100g, cooked), Broccoli (50g), Mushrooms (40g), Onion (15g), Soy Sauce (10g), Olive Oil (10g), Garlic (5g), Salt (2g), Pepper (2g)",0,0,0,0,0,0,Savory rice cooked with mixed vegetables,Non-Spicy,—,